caregiverId,caregiverCode,userName,firstName,middleName,lastName,gender
01239466-bc96-4761-9e53-d725d1b146ac,WVZ/032/00071,00071,jt9VGtyTI7v2eHEwZG74QQ==,WmqLLFCCRbPBM9THHN+FNA==,geg74BSlUrag0L2w1Gp+ow==,Not Specified
01646224-c46e-40a0-b9d4-2001d3e474d6,WVZ/032/00326,00326,zZyJq38pv5QKQxbzzXPU0g==,,ys4HsNLWiIKhh5vXn8qJIQ==,Female
0166dfd4-02a9-4f9e-921a-25c97318ff73,WVZ/032/00024,00024,etezqa+9q039iahwhdUAzA==,WmqLLFCCRbPBM9THHN+FNA==,EP9CVg1l7GxhwOb2o3jzRA==,Female
067498a2-11b0-4f2b-9137-c55ec868eb51,WVZ/032/00112,00112,Z+2u0k0fsEOQZKaqB1Vz+w==,WmqLLFCCRbPBM9THHN+FNA==,ywqiyjPCbL9P1S4cyJIjeg==,Not Specified
091336a6-ad60-4120-98a7-55085d2f89da,WVZ/032/00143,00143,Lz1P2v3fQnQ3pQsp6pFrQw==,WmqLLFCCRbPBM9THHN+FNA==,WjS5z5QSu7L7N5Y/rk+5QQ==,Not Specified
09955d7c-6b8e-49ef-9b2f-f63558228855,WVZ/032/00182,00182,cElA7WK/6EatYs5JUqq8mQ==,WmqLLFCCRbPBM9THHN+FNA==,qidklzFestyoHj7ordzQAA==,Female
09cfbca3-08ef-45ad-9fec-733d17084138,WVZ/032/00079,00079,smMaV5iZqKhx8z3KaXVHog==,WmqLLFCCRbPBM9THHN+FNA==,gHXn8tQUg3rq2j9+FmmnAQ==,Female
09d2fed6-3812-49a9-997c-c893345a562a,WVZ/032/00097,00097,gD0RsYSDnY5ithhq8o/VXg==,WmqLLFCCRbPBM9THHN+FNA==,DqJ8j7YslXdPG+xHd3dh3A==,Female
09e11af7-5d22-44fc-a74d-2a2e89aca7e3,WVZ/032/00295,00295,KG3+nquyUusKdO1OB1znWg==,WmqLLFCCRbPBM9THHN+FNA==,N+nlTEqHKZJ42x/f+yu6OA==,Female
0ada4b1f-05eb-47c2-b9f6-6ef91d88d961,WVZ/032/00318,00318,HljXmVkmHscWccdNjwAIAw==,,wKWoSv9AZyWcAYRI9XOnVQ==,Female
0c18898f-6c72-4b94-ac50-d5b848692bd9,WVZ/032/00257,00257,vHqGxYLYb1TT3b4ZKKGzOQ==,WmqLLFCCRbPBM9THHN+FNA==,dzxkAsfuT6FVzoj3CrBv2w==,Not Specified
0c53a8a4-d299-4753-a74b-1fbe751f19e5,WVZ/032/00009,00009,k2mpa6iYWQxcSaa/20TLhg==,WmqLLFCCRbPBM9THHN+FNA==,G9ylSyS+x+D76+H/l27ybQ==,Not Specified
0cb69576-85ba-4867-8ac4-ac9a82b4e6ed,WVZ/032/00207,00207,V8mwHhLxPdE4HrRUH9fD8Q==,WmqLLFCCRbPBM9THHN+FNA==,MKJc3xZqEE6Z3BWsjZSlsA==,Female
0cc13103-3302-4cce-ab1c-e257fbe6b369,WVZ/032/00164,00164,FYlSF6TdsKEEZEihI8SXOA==,WmqLLFCCRbPBM9THHN+FNA==,i+Xm1Da++sPstX3+Yh/hBw==,Not Specified
0e0e9320-322a-4020-9d3c-db7c6ff5c737,WVZ/032/00276,00276,nvRniaKVppy+DEhRr6GYhA==,WmqLLFCCRbPBM9THHN+FNA==,JeWneyokNN/fdDqRyfQi0g==,Not Specified
0e47f7ef-b6c1-4c75-b497-9e5dc6d3859d,WVZ/032/00219,00219,EkVGXokOGUHeABuGqItb/w==,WmqLLFCCRbPBM9THHN+FNA==,T8dEy8EOl8RlHRfcYEECug==,Female
0f9ae2fb-31f2-4fc4-b58a-c62fd9cb3c6a,WVZ/032/00099,00099,is8C+SAqGsETQr+mw85njg==,WmqLLFCCRbPBM9THHN+FNA==,Mr7PRE/CWhkWAhTyu98/Og==,Not Specified
10af19b0-8fe7-4883-a4a8-cac03efc39a3,WVZ/032/00075,00075,O6PBUha8QNYClI+5TspAkA==,WmqLLFCCRbPBM9THHN+FNA==,KFlOwkKtdkNv+6yWb/aqZg==,Female
10eb85a3-f4dd-436f-87bb-aa789862364f,WVZ/032/00288,00288,XNSGiY0+KR83oOqkLG3HiA==,WmqLLFCCRbPBM9THHN+FNA==,ogSJR6h/ZucGQxCCUCXcGQ==,Not Specified
112b61b7-0dea-450a-8514-4afe617b3465,WVZ/032/00025,00025,Dv1dHkdxlL7zjSFnWhqaKQ==,WmqLLFCCRbPBM9THHN+FNA==,UnNE3ehlrX1Q8jEKtQv+mg==,Female
1207c075-32a6-4ef3-92c6-2ff25a6a35a5,WVZ/032/00185,00185,uPhclZO3sDi5ovdJuGVzWA==,WmqLLFCCRbPBM9THHN+FNA==,YO2ogdWZKsl6WsyilA1VQw==,Female
1210e87a-64a9-4651-b6e2-a37df500094f,WVZ/032/00216,00216,UV09LiSRktlXK/ww6wo6Og==,WmqLLFCCRbPBM9THHN+FNA==,nPKWZ5myKNo9FR6Nn8cBiA==,Not Specified
12d4a174-f999-408e-91b5-79153594b2eb,WVZ/032/00101,00101,bzGm9rQps2tBwGUydsrlaw==,WmqLLFCCRbPBM9THHN+FNA==,wOHXOzwDlrlUd33oG6NcDg==,Female
12de71d5-efa5-420e-9d89-de063c5386ba,WVZ/032/00338,00338,BWV6ysVSgSURIaI4Rlh+Fw==,,fvowBP7znvXlXHnLQzoS+g==,Female
1335c016-24cb-4757-95e6-a37aedd1daef,WVZ/032/00165,00165,lBxNJXA9+glq6htxnHmarw==,WmqLLFCCRbPBM9THHN+FNA==,u05n8hJqWnnIhP53A0mnag==,Female
15b31bd3-eeb9-4854-96d1-2690dddc4f4b,WVZ/032/00110,00110,vEeBY3Dklo+wmAqXrLi13g==,WmqLLFCCRbPBM9THHN+FNA==,6s1iFckCCvFcmGn1oLcRew==,Female
1657777d-9191-4b94-9c1a-6048ab1898d3,WVZ/032/00254,00254,FNgTK5zxF/MJi0G4s7UwKQ==,WmqLLFCCRbPBM9THHN+FNA==,dT4tJSsbJCUbHFnIp4cm4g==,Female
16f30500-cc40-4fbf-bf39-2a728b44ab2c,WVZ/032/00245,00245,KhSgGYvwAuk3wPUC+UdEBg==,WmqLLFCCRbPBM9THHN+FNA==,pK/ZCD4MzZy2p9zgrS7VqA==,Not Specified
175c3588-ed45-4df8-8622-2a68b513251e,WVZ/032/00056,00056,G9ylSyS+x+D76+H/l27ybQ==,OiL5U8l3LtKCDnYARvW4Yg==,pQ7JlMRGykn3+crwMFKF3g==,Female
18974668-fbc4-4896-905c-ce6d5c19ca16,WVZ/032/00321,00321,YqP/JPi4teO9VCf0O9m+iQ==,,ozIYxY8hwDDytUyDNaQ8mw==,Female
18e57d16-f872-42e8-a2e7-defda0eaecec,WVZ/032/00205,00205,3hWFH2GdkwUF4pkj/Ep53A==,WmqLLFCCRbPBM9THHN+FNA==,jtUouQSNzo9qow5tvURLGw==,Female
19988717-4ba4-49a2-8940-542458061c53,WVZ/032/00122,00122,tjSfbYQ0AaevVOljBEOcLw==,WmqLLFCCRbPBM9THHN+FNA==,cUxwz+79E6eCv8V7Oxb9FQ==,Female
1b020c21-6616-44d8-87de-ee8f8dcb8334,WVZ/032/00088,00088,rtTWeVXHxsDbYmYMdu0KEg==,WmqLLFCCRbPBM9THHN+FNA==,ss+1MDN19aVWp+pLMizw4Q==,Female
1fda2e9d-3386-41b0-b7f3-43eb5006b917,WVZ/032/00291,00291,pjy1qUZ8flDUJ0TzBq0+ng==,WmqLLFCCRbPBM9THHN+FNA==,HHQrCZwdKGwhCTuSKGkTzg==,Female
1ff3d611-6658-4ebf-bcc2-11a764b3a1c8,WVZ/032/00189,00189,UXbm/K3+9/+rCvtgRdoBgA==,WmqLLFCCRbPBM9THHN+FNA==,jtUouQSNzo9qow5tvURLGw==,Not Specified
20116ae7-021b-4c7c-ab2e-70e5c9ac269e,WVZ/032/00121,00121,tjSfbYQ0AaevVOljBEOcLw==,WmqLLFCCRbPBM9THHN+FNA==,l7Sj/WVC2dVE6Rr9UF1pxg==,Female
2135fcad-fc8d-4130-a5f9-fb5d5f7c40e4,WVZ/032/00092,00092,Dv1dHkdxlL7zjSFnWhqaKQ==,WmqLLFCCRbPBM9THHN+FNA==,Dx9Sp/WoAcPiP5xaKpOuFQ==,Female
231b54d4-cd92-4504-9bd3-f95b17d8c6c2,WVZ/032/00223,00223,0iHzPfDMepmNi6f8cBlQ3Q==,WmqLLFCCRbPBM9THHN+FNA==,xUtmFz7nMpBToyrzOm/KtA==,Not Specified
26373e02-36a7-4fd0-bdb6-d31da8d0d6d7,WVZ/032/00197,00197,jqg6kpMGb+3RdLalCG9QXQ==,WmqLLFCCRbPBM9THHN+FNA==,l19z8GyY/lwzj/0aSuKAmw==,Female
2753035c-e31c-4a72-a8b8-3aa0ab49ccec,WVZ/032/00045,00045,7kuTSTP6kStww2ijA1ZxPA==,WmqLLFCCRbPBM9THHN+FNA==,3UnhprW5t80Hi1vIsnlxDw==,Female
276bb22a-fd58-4140-a451-355ad7c9844c,WVZ/032/00034,00034,5/LSRtxwRINhEIQeaggMRg==,WmqLLFCCRbPBM9THHN+FNA==,MhRl/Ss51eg1d4zDfPGGXg==,Female
27ca44a2-cbab-4709-b0eb-1a9e49c92083,WVZ/032/00173,00173,SSrxDwKKJjSNpdeK37JuHQ==,WmqLLFCCRbPBM9THHN+FNA==,3hk70N2hNdR1iNAZN2370w==,Female
28d4199a-8afb-4af2-be02-5254bd89d3c6,WVZ/032/00008,00008,1BtjXUu37oFUXjP4vwz1/A==,WmqLLFCCRbPBM9THHN+FNA==,AxaqO4ntgGDykh2qdz07QQ==,Female
295ebf28-c38b-4b8b-9d85-8d394ccf344a,WVZ/032/00159,00159,9mXEXbklumlklaDwA8JYQg==,WmqLLFCCRbPBM9THHN+FNA==,rASgBQSw4D6XJ7xNoZkT5w==,Not Specified
2a22f78a-e289-4dfa-85a1-1d6fe7740b32,WVZ/032/00310,00310,OiL5U8l3LtKCDnYARvW4Yg==,,lhfr9p4sqYByFVgfjSwRpA==,Female
2b0bcf67-abed-44d3-b5c1-9eb7343b1163,WVZ/032/00265,00265,UCc7rfVvz5JNFQFjCAEvZw==,WmqLLFCCRbPBM9THHN+FNA==,agIDdDYZJbyy9M49zt40Yw==,Female
2b54ef37-dba4-4e3d-83aa-54a8731fcea0,WVZ/032/00190,00190,cgSPuVUS7wrHyMxlMS4gHw==,WmqLLFCCRbPBM9THHN+FNA==,S7Xz290jT0O8Mr+ZdWrZ1A==,Not Specified
2b683c2d-c6ea-4704-b426-0e3a6ea67603,WVZ/032/00103,00103,FAXBuVCW044nqZ0rznzyCQ==,WmqLLFCCRbPBM9THHN+FNA==,PVCY8pedAFf9pez7iA9jSw==,Female
2dca644a-e059-4c14-85b9-55f3cee050c4,WVZ/032/00172,00172,sthnj4eAOnb0vUaxuhXJLA==,WmqLLFCCRbPBM9THHN+FNA==,fHVTu5UlK5jjgzKW6H2AJg==,Female
2f6765ce-b0fe-4690-8b3d-953a799107f5,WVZ/032/00311,00311,kSs2c6qAWB0+AU+IZufT7g==,,BJ7iB87KAhUJ14Z7TxiW9w==,Female
30be5c11-f9b1-4e51-b60c-e8a18dbcf439,WVZ/032/00036,00036,aGTRG9Lc/J6zykAKLITV6w==,WmqLLFCCRbPBM9THHN+FNA==,n//NiDTtJymniujdrN6bkg==,Female
319f6230-4a4b-42be-a00c-f217abdec2c9,WVZ/032/00292,00292,8pWVEqRWrjOprG18ihQZgg==,WmqLLFCCRbPBM9THHN+FNA==,a9GwO9AtFXsd9Yc7/dHWIg==,Not Specified
320303a6-78f2-4bb2-98bc-ca459a7af055,WVZ/032/00206,00206,lBxNJXA9+glq6htxnHmarw==,WmqLLFCCRbPBM9THHN+FNA==,VhFFwTGPVHHhJ01p5GZkxg==,Not Specified
34894ff6-7fdb-4182-b76e-941b2ef60a7c,WVZ/032/00029,00029,3U4lWFxN7IdE0aosZioLzQ==,WmqLLFCCRbPBM9THHN+FNA==,zsSM2gY4ohDtsIQMF0xGIA==,Not Specified
35107faa-284a-4a78-8053-2f4034e00444,WVZ/032/00160,00160,tH1kHsT2TYlr2ecXAOFS/Q==,WmqLLFCCRbPBM9THHN+FNA==,BCVMQU0TjzLp74pO2C0K/Q==,Female
3525442e-3faf-4704-9b5e-e49fc4dc5d55,WVZ/032/00314,00314,kSs2c6qAWB0+AU+IZufT7g==,,vwK14PWaQ4HhHPwuwmlciQ==,Female
354aef51-026d-4001-8496-19c93724ca33,WVZ/032/00199,00199,o5vc0ZgGDBgOdGymA7uwAg==,WmqLLFCCRbPBM9THHN+FNA==,485jn33UzDAh2r32kEiuxg==,Female
35689c41-a46b-4628-b31b-93508f8750b7,WVZ/032/00132,00132,QBuzGoQ6OWbz+DOy9TKTlA==,WmqLLFCCRbPBM9THHN+FNA==,eidvOuU/4vSywbIhiJdEzA==,Not Specified
3571d363-de80-4fc5-93f6-c53febbc310e,WVZ/032/00050,00050,/riZ4OeXynAyRptD8N13mw==,WmqLLFCCRbPBM9THHN+FNA==,uAzrq7r0a4um7hZTN2lqLw==,Not Specified
3622f067-3a31-470e-98d8-c3e17f7448c1,WVZ/032/00247,00247,nTH/rRw4g1HkESle9beg/g==,WmqLLFCCRbPBM9THHN+FNA==,azQFRVqMw8MVgo9qE9kh7g==,Female
365fa567-9f1c-4108-bd25-c1d47dea24db,WVZ/032/00252,00252,9IHD5mHofyMks1QzmslIVA==,GdvHuvSlVjq1Tg/eP3fFLQ==,jHrzVXFBp11ka62l5ETGOw==,Female
37fd7f99-3fd0-40cc-9754-03ba3f2321eb,WVZ/032/00210,00210,CldqQv9EW9ff4KW5w65tGA==,WmqLLFCCRbPBM9THHN+FNA==,QREhfE0ZLgagb/9BpEdKtg==,Not Specified
386756b1-80f6-468d-82be-d5b8e2db4002,WVZ/032/00313,00313,RBYTexIc3b6w3YS//pYqZg==,,aOf2Yi5be2Tk9xGm8L8MUg==,Female
397671f5-8396-4bfb-8b75-afc18452dfde,WVZ/032/00196,00196,zBTf8Lio2J/WMp/0mjW2Ag==,WmqLLFCCRbPBM9THHN+FNA==,PAXYjJswLFfpZf+TJhLjBA==,Female
39c35010-7f1e-4cb0-812d-66b8f6750ec9,WVZ/032/00058,00058,0lwnEhRIZZMCczKmUOWY3A==,WmqLLFCCRbPBM9THHN+FNA==,zeXcbAsMHN78ckQruIOUEg==,Female
3a167ec7-257e-4721-810b-6cc71e64234a,WVZ/032/00113,00113,W+aVk09fLw2t59YswPWWYw==,WmqLLFCCRbPBM9THHN+FNA==,J5Ek0GPkVlA6zpyjXozVGA==,Not Specified
3a4c3a20-37fa-46bc-b902-ab719a8d905f,WVZ/032/00144,00144,B25K6zKNDNOYZhLNy3iJmQ==,WmqLLFCCRbPBM9THHN+FNA==,+vcXoxs76gU1+4g/5kO9wA==,Female
3ab054ee-d2eb-4daa-854c-091b6a491ae0,WVZ/032/00225,00225,GBEHZE9QENC9tRpmyhUqnQ==,WmqLLFCCRbPBM9THHN+FNA==,GTVw82TJYpOLDnRhKHFlVg==,Female
3bf7d83d-e9ae-4e2d-88c8-ca29ce00c3bf,WVZ/032/00236,00236,as6PyzEK6cX3pgDFQajIPQ==,WmqLLFCCRbPBM9THHN+FNA==,nGJcOZOhslbNweC+hZlA7A==,Not Specified
3ca443b7-3a13-4031-a0e1-96556524ee0e,WVZ/032/00072,00072,5z6jyq3i0LMBKuBzSfFQZQ==,WmqLLFCCRbPBM9THHN+FNA==,8qwHny/QTAkB01ZZcUF0eQ==,Female
3cdc5c17-81a7-48f7-a130-e9e19a056717,WVZ/032/00163,00163,H1ClOz79sCK44Cm9hee8LA==,WmqLLFCCRbPBM9THHN+FNA==,0QqjdEX7cB48ezIe1YFQlw==,Not Specified
3d6e523f-9fd4-442f-8a47-65159df7455c,WVZ/032/00203,00203,PD0h18thQ20m5vzZYXZiYQ==,WmqLLFCCRbPBM9THHN+FNA==,K006fKSL2nCblP5kcEf0rw==,Female
3de3de4d-2749-4b95-9837-825eeb046411,WVZ/032/00191,00191,m0+LI+VLdrQnhxrENncDeQ==,WmqLLFCCRbPBM9THHN+FNA==,qDUrh3PPUgMbMCaQ1RAf4g==,Female
3e631640-4087-4ad1-bc63-c53468daf5ed,WVZ/032/00059,00059,WRbhl2geXaC0KzSSz6sQ4g==,WmqLLFCCRbPBM9THHN+FNA==,zeXcbAsMHN78ckQruIOUEg==,Female
3e86d9ba-8ea6-4144-8359-7995c2b7ecec,WVZ/032/00231,00231,Tcv48rNB1G/kfh0ugHXwMA==,WmqLLFCCRbPBM9THHN+FNA==,9xxxR2Z3TH92qoqNfvlluw==,Female
3fb44262-2b4a-4fef-bd22-52fbbb9c6c75,WVZ/032/00054,00054,smMaV5iZqKhx8z3KaXVHog==,WmqLLFCCRbPBM9THHN+FNA==,anHlreynKEuQXn638hRTBw==,Female
3fcd3429-1afe-45c0-bf4f-e26992825640,WVZ/032/00232,00232,/zekyPP29ogzrpEMltC4GA==,WmqLLFCCRbPBM9THHN+FNA==,rr1td0eO+RzyhGMJZKajgQ==,Not Specified
400fb449-1363-4dbc-bc52-93a4c3e815ff,WVZ/032/00139,00139,dVN/hXzPTHZ2xBnrE3tQ2g==,WmqLLFCCRbPBM9THHN+FNA==,slOu5CMvlznmt+k5hVm2ug==,Female
4040e636-5ee7-4a3c-9b8c-ef5009bdb76c,WVZ/032/00251,00251,JY1COfVCfZUKVBGcCV6Q5Q==,WmqLLFCCRbPBM9THHN+FNA==,Nh4PGSdtqxMFMfx2d8aJXw==,Not Specified
41ebe8ae-e99c-4e3a-ad6c-f39016fb1c9a,WVZ/032/00193,00193,ndjwJi9tu6QglguPSsXrkQ==,WmqLLFCCRbPBM9THHN+FNA==,cSUn8UjgYeOBasHDiVyt3Q==,Female
429ad4aa-2cca-46dd-b2ec-7efb10857468,WVZ/032/00192,00192,ZYCcNOwZwvw9crF3HxBxpg==,WmqLLFCCRbPBM9THHN+FNA==,LdGUXwSjulHEsjCXWu8J5g==,Female
42c041b8-fa24-405b-979e-048bb0aaad1c,WVZ/032/00002,00002,m/QppV0T2Ld/LWLTTmhN0A==,WmqLLFCCRbPBM9THHN+FNA==,NySnKnzLHHDbsewFAMQqNA==,Female
438867fa-5cd9-45b8-9050-ad98c29816ee,WVZ/032/00301,00301,FYlSF6TdsKEEZEihI8SXOA==,WmqLLFCCRbPBM9THHN+FNA==,i+Xm1Da++sPstX3+Yh/hBw==,Not Specified
44087ca7-9829-4680-b557-2e8209c8c82e,WVZ/032/00320,00320,EHJLSnYrir0VEfOnvtLoGg==,,ozIYxY8hwDDytUyDNaQ8mw==,Female
4466401b-72bd-4321-b931-768b34d1bb22,WVZ/032/00273,00273,ZYCcNOwZwvw9crF3HxBxpg==,WmqLLFCCRbPBM9THHN+FNA==,8K45mgkmbF5mIFrn08KebQ==,Female
44fa2bae-1cc0-480c-a25f-18d7e7ec17b0,WVZ/032/00098,00098,484PheTitF2SHA0uM/2WPg==,WmqLLFCCRbPBM9THHN+FNA==,oVy4NHeKXrBvO1s9QFz5bg==,Female
4598e5a0-1a2f-4872-b46c-10fc3bbce1f4,WVZ/032/00201,00201,FNgTK5zxF/MJi0G4s7UwKQ==,WmqLLFCCRbPBM9THHN+FNA==,J6D51QcZxIVglhltpB18sw==,Female
4620f124-6beb-430f-9098-62f65d4b5c77,WVZ/032/00262,00262,ox9XqVC38J37iIX59zR4vA==,WmqLLFCCRbPBM9THHN+FNA==,fHVTu5UlK5jjgzKW6H2AJg==,Female
463f6b2a-2057-4e99-8592-71e05967a59c,WVZ/032/00239,00239,L5Tn21T02rVu3eSbla3cYg==,WmqLLFCCRbPBM9THHN+FNA==,WRNWjolyLUcw7uojrGtRBg==,Female
46ccd571-5ca3-45de-8080-3f8c5069d7a3,WVZ/032/00157,00157,SSGtBEcY2IoL/sKCc/T7Lw==,WmqLLFCCRbPBM9THHN+FNA==,bwLtIxLAXwemmfjJZNk9mg==,Not Specified
48a5fffa-6183-4765-aaf2-ad7f44955acb,WVZ/032/00043,00043,hp+6bya696oBZu0ALtp0nw==,WmqLLFCCRbPBM9THHN+FNA==,z6aPK1WnokJNIi4P0VC13w==,Female
49638bcf-eb14-4cc7-9773-3bc05fa2175f,WVZ/032/00282,00282,QHgATUR2wqE6/DAvzwHOCA==,WmqLLFCCRbPBM9THHN+FNA==,W7DWLynQGmz5cN4HGnqw+w==,Female
49ce6b78-ad04-4c93-867b-2d69ceb21400,WVZ/032/00298,00298,N0GsV3gX/2xf1lMSOqvYkg==,WmqLLFCCRbPBM9THHN+FNA==,Wo/nq7Q8kulx0pzVWuLGOQ==,Not Specified
4d3e7ece-1c6c-4aff-93dd-c0bad931f379,WVZ/032/00323,00323,BWV6ysVSgSURIaI4Rlh+Fw==,,9q/gkTOsZqWl3gpZQS6sBg==,Female
4d88f388-4efd-422b-ab6d-1a4e52ba693a,WVZ/032/00148,00148,JnxJ3W8BQa4OOVkjT7I65g==,WmqLLFCCRbPBM9THHN+FNA==,WbYx5F3CAjFSiO9jZDSExw==,Female
4e0d1cf2-1317-4c1b-8a1e-76b39e62d642,WVZ/032/00018,00018,GQcUrhhyapQl2bkCd4j0/Q==,WmqLLFCCRbPBM9THHN+FNA==,vTYv8IWlQRfXP6fAqRuMlA==,Female
509928b5-46a6-4c06-baa0-ab9a7b90a889,WVZ/032/00107,00107,EHJLSnYrir0VEfOnvtLoGg==,WmqLLFCCRbPBM9THHN+FNA==,+lMg3Dpz7YyBGsYmZgEa7Q==,Female
51b60716-d7fd-4ac2-a37b-07fa0f7b9454,WVZ/032/00091,00091,y4zrFFPuhAELYxdE/fsTFQ==,WmqLLFCCRbPBM9THHN+FNA==,tuvwEGXxTNOmFq0XSl4V/Q==,Not Specified
5389d422-ce22-4229-b43c-c17c1c7aa603,WVZ/032/00280,00280,Z/jy2+IYPifXj4D2OFJJ1w==,WmqLLFCCRbPBM9THHN+FNA==,O2IVHpclsWiW8uhdYR8tkA==,Female
5433346c-54d4-4ea7-83cc-84b5f38384bc,WVZ/032/00120,00120,Ob9PoO8whykYDAA9uwcy+A==,WmqLLFCCRbPBM9THHN+FNA==,51zjgXDDhICystaVqxwlbg==,Not Specified
55fd13bb-9d13-47a6-a44b-bd255b0db194,WVZ/032/00284,00284,l84t4MGHygX8riTfXR5Jaw==,WmqLLFCCRbPBM9THHN+FNA==,9tUmK6xM5+QwE9EHJy3C4g==,Female
5600b73d-b5ed-4e35-8591-779fb8947cc3,WVZ/032/00305,00305,T7ZNTEpbbJYFOZkH7/5xRQ==,T0cjv8IWqddtIE+ReprUZQ==,ymnBD0H7YMplS37bjGRoPA==,Male
566097f8-f766-4ddb-92d8-093a48a141ba,WVZ/032/00194,00194,POQ/p/pPVLW3Fb7l17U3Sg==,WmqLLFCCRbPBM9THHN+FNA==,WFSp6bzpZWdF4d/tDdg4Uw==,Female
56b77bb3-313b-4d03-bc70-a027a34af6e3,WVZ/032/00063,00063,0lwnEhRIZZMCczKmUOWY3A==,WmqLLFCCRbPBM9THHN+FNA==,6mObi70hQP05Hn+RmfM9iw==,Not Specified
58fa668b-f342-4f5e-af1d-053143b78394,WVZ/032/00249,00249,EhC8EE3wSOMRyKXZJ2m/JQ==,WmqLLFCCRbPBM9THHN+FNA==,YjmXaxbYfS2P7oz1TsH56A==,Female
59619b90-60f7-4d6c-976d-4e04044520b5,WVZ/032/00061,00061,EHJLSnYrir0VEfOnvtLoGg==,WmqLLFCCRbPBM9THHN+FNA==,kd2OZdq8JlnP5WanFZe7og==,Female
5acf1e16-c9e2-41da-80bc-51eb3b1ac515,WVZ/032/00312,00312,HljXmVkmHscWccdNjwAIAw==,,HjN1vuzWnsWFnlrEDMIbUw==,Female
5b6caf10-99ee-44f7-9e3d-ceeb03ab8649,WVZ/032/00258,00258,gPVaFcAOVPofIost4tZO3w==,WmqLLFCCRbPBM9THHN+FNA==,6rQQHAF/0ekQMHZTxSYhnQ==,Female
5c3cb2bf-6274-4afd-afc5-599ce9c77664,WVZ/032/00229,00229,BOVctUjbpxOSlOnvWapFNg==,WmqLLFCCRbPBM9THHN+FNA==,Fa+ENypwKsW7ZOaw11LD4A==,Female
5c68b211-418a-4f48-9b3d-e3e28b5dd516,WVZ/032/00337,00337,o6rXpMNktbL10s4bC3Xvrw==,,gXhjEoxbSpvtM8gDjQWNTw==,Female
5cc0a157-94ea-4458-9ad4-4405a8333ee3,WVZ/032/00237,00237,hKeAObc0ZJGW0ez0LLrF6Q==,WmqLLFCCRbPBM9THHN+FNA==,lv15zwQ8pJroMkI7a7RU0A==,Female
5cf77ab5-a1bb-4782-847e-7daaad1c41fd,WVZ/032/00302,00302,mAuQUOuFXiWVIK/b4miF7A==,WmqLLFCCRbPBM9THHN+FNA==,h6OuTHegl2/VLVL+r2kq1Q==,Female
5edf0a03-fe92-413e-a8eb-63e9a60d7c50,WVZ/032/00303,00303,LhuPTQb7HiuFlOuvgdvJIA==,WmqLLFCCRbPBM9THHN+FNA==,w10HlaUiYIj/e9CdQNzLbQ==,Not Specified
5f0eb01c-e037-4f2a-843e-7ef6b6ea503f,WVZ/032/00138,00138,PodvXxwgwFTih7rXqJ/Mhw==,WmqLLFCCRbPBM9THHN+FNA==,yyavOA2BM6Z4JaVfZkJx3A==,Not Specified
5f965412-9eaa-4b92-91c9-58f532f17db0,WVZ/032/00233,00233,QFcd2hBb5fuCzTjxRUELdg==,WmqLLFCCRbPBM9THHN+FNA==,RtWS1yTgxAmySbyF9o9ttQ==,Female
5fa5c068-f34a-4ccb-ac5d-56a531c9e76d,WVZ/032/00278,00278,tYPyynSf1PmPoz484zpLvg==,WmqLLFCCRbPBM9THHN+FNA==,K9hYdbCF+Wl9iwUp6kETwA==,Not Specified
60a52121-f9fe-4049-8d00-e22ec960f0f4,WVZ/032/00226,00226,RkQG3Tp8Z40bDfXrI9PHGg==,WmqLLFCCRbPBM9THHN+FNA==,6wxeE6BCH8L2swk1R9xiRg==,Female
60cc55af-dfbc-4a4e-b771-707ebc9f566b,WVZ/032/00174,00174,mCXOYPFkf3gfg8dS5Wn0RA==,WmqLLFCCRbPBM9THHN+FNA==,fDjoWl1j5F4EOQbKikLTxA==,Not Specified
60e07640-5871-435d-a7ca-6c17542a30e8,WVZ/032/00083,00083,Cor3Nq516qY1LFsDB+qE5g==,WmqLLFCCRbPBM9THHN+FNA==,GPwgGvF4XOtjtH3U+oLdqw==,Female
615778b0-b48b-42c4-ad92-7391e26b45a8,WVZ/032/00052,00052,90xE/LIg4LuMdz7K/TjRfQ==,WmqLLFCCRbPBM9THHN+FNA==,X5L4/WV2495jDKaXhaiL5A==,Female
6175fcca-87da-43fb-a0e0-790d193ce1fc,WVZ/032/00145,00145,x9RAwVaZ8xoXeCnrl0VtBw==,WmqLLFCCRbPBM9THHN+FNA==,pTGEqVmWF5OXJ6Sf7jLKyQ==,Female
617a8605-40cf-4085-80f3-f5646796daf8,WVZ/032/00208,00208,jqg6kpMGb+3RdLalCG9QXQ==,WmqLLFCCRbPBM9THHN+FNA==,c2iMiB0JVgpc8x6X++Cugw==,Female
6253bb06-82a8-48c8-b8cb-c99b111ed429,WVZ/032/00224,00224,G+W7w1WZMoJTwHa8ZxDVgA==,WmqLLFCCRbPBM9THHN+FNA==,CMZpXDHppZYh/UldCOCGFA==,Not Specified
62bfbf24-f13d-475f-99c5-0ce9842f55af,WVZ/032/00136,00136,GvUZ3nlaLAZ60GJtr1OCBQ==,WmqLLFCCRbPBM9THHN+FNA==,ZKMsX71e6XZ+KzSGCKCPHQ==,Female
63d94aca-184e-4e1c-afe0-531721a7070b,WVZ/032/00096,00096,pjy1qUZ8flDUJ0TzBq0+ng==,WmqLLFCCRbPBM9THHN+FNA==,BMD6DZb+1cyFncHhjBHsOA==,Female
6521eaaa-b189-4420-a5af-01893b2f5a37,WVZ/032/00179,00179,+AaztYyAaK91fUOxFwLiJw==,WmqLLFCCRbPBM9THHN+FNA==,+twfIQl8EXfo89pZ+ssxBw==,Female
6579edf9-a86a-4a95-b946-4ffe7efd79ca,WVZ/032/00147,00147,Ob9PoO8whykYDAA9uwcy+A==,WmqLLFCCRbPBM9THHN+FNA==,EoKqNvcpzg24vIssNZdgmw==,Not Specified
65f93499-b9b0-40bb-b49d-1f125d5935d6,WVZ/032/00116,00116,SSGtBEcY2IoL/sKCc/T7Lw==,WmqLLFCCRbPBM9THHN+FNA==,uDe3Vq7NSCtwaX/Jhc2CJg==,Not Specified
68d148d6-7faa-468e-82c3-16321e3d1cd4,WVZ/032/00078,00078,AYQP+YyJ5apJwkyZ2z8htg==,WmqLLFCCRbPBM9THHN+FNA==,gHXn8tQUg3rq2j9+FmmnAQ==,Not Specified
69260ebf-2cb1-426a-b50c-b4e50810ab0c,WVZ/032/00178,00178,ToJsEdbpYlBs6v42y/pikw==,WmqLLFCCRbPBM9THHN+FNA==,dmzMjGUFjs5f7iUIUAyzsw==,Female
6967db7d-29e4-4cbc-9831-fa027d651a76,WVZ/032/00334,00334,uxn9U1EVU29GkGHwUXWsPA==,,w8JGzVL7Av+4HERFlaOYzA==,Female
6a1d8bc0-df96-4e1c-8844-be5898d24e42,WVZ/032/00156,00156,kE/Iklin9XNb1JyB7Ynr7w==,WmqLLFCCRbPBM9THHN+FNA==,bwLtIxLAXwemmfjJZNk9mg==,Not Specified
6b2e705e-31a2-4fe4-968a-bbb7765eba98,WVZ/032/00130,00130,PKm6VSAC+6azep9QUT4Z1w==,WmqLLFCCRbPBM9THHN+FNA==,aicWiMLi+RdhghWrv1xw1w==,Female
6bdf2542-975e-4a36-aa34-7988fc2f6dc5,WVZ/032/00129,00129,1BtjXUu37oFUXjP4vwz1/A==,WmqLLFCCRbPBM9THHN+FNA==,aicWiMLi+RdhghWrv1xw1w==,Female
6c580bb9-399a-4d53-9a9f-fc4e11e46507,WVZ/032/00069,00069,vEeBY3Dklo+wmAqXrLi13g==,WmqLLFCCRbPBM9THHN+FNA==,C5dD8Qxbl9EeugqWllLRWA==,Female
6d7d360e-d9ee-4aa8-b6fa-8296353abf1a,WVZ/032/00070,00070,+CV7gM9kLn+y9wb4hon4rg==,WmqLLFCCRbPBM9THHN+FNA==,9O/0KtiBTbO+at7KxlK69w==,Female
6e473370-9a43-4fa5-bc48-6831bfe88868,WVZ/032/00118,00118,Z025WjjKGuFsLrxyORMThQ==,WmqLLFCCRbPBM9THHN+FNA==,w9ftj3/MTLZ7zssagq1EjA==,Female
6ee3c459-3788-4929-b3f6-1d430b4f61d7,WVZ/032/00119,00119,rKTJWJpm+zxEOFtWmwJJUw==,WmqLLFCCRbPBM9THHN+FNA==,w/KUG8JCV5rA4aVlK7/WSw==,Not Specified
6eec14a3-f128-478d-9a10-774e53d80554,WVZ/032/00068,00068,OK5/de4bhYdJeZEJyS9ijA==,WmqLLFCCRbPBM9THHN+FNA==,COZndvOrPTdTDRdJalPwmw==,Female
710a0810-b61f-468d-b714-b2f8f6b738c8,WVZ/032/00238,00238,DlYAPZg0E9CEH06nmbrcqw==,WmqLLFCCRbPBM9THHN+FNA==,nPKWZ5myKNo9FR6Nn8cBiA==,Not Specified
7151223c-2f7e-4afe-8e77-93c72d92a544,WVZ/032/00293,00293,3hWFH2GdkwUF4pkj/Ep53A==,WmqLLFCCRbPBM9THHN+FNA==,jtUouQSNzo9qow5tvURLGw==,Female
7216a2c7-632f-44bf-8f3e-0fd0faa4c012,WVZ/032/00331,00331,vEeBY3Dklo+wmAqXrLi13g==,,F3aKh9w66po8wD3zYh5pCQ==,Female
722f60b9-a4bd-409c-8223-8675ad1913ab,WVZ/032/00212,00212,hKeAObc0ZJGW0ez0LLrF6Q==,WmqLLFCCRbPBM9THHN+FNA==,hrbdINgRADF4HN2epezHxA==,Not Specified
734f27e4-338a-416f-8ce3-2439a97b24d0,WVZ/032/00039,00039,aGTRG9Lc/J6zykAKLITV6w==,WmqLLFCCRbPBM9THHN+FNA==,mxs3UzMFZyrxCQV0t8QlZw==,Female
74467cd8-3bd8-4fea-b243-84f94671f086,WVZ/032/00256,00256,VHZ4UtOMRCK4Eo+8wk8pxg==,WmqLLFCCRbPBM9THHN+FNA==,YjmXaxbYfS2P7oz1TsH56A==,Female
744ca91a-1cfc-49fd-a305-78be091a490e,WVZ/032/00044,00044,MpsjpJyfr8+qvn0VWCWjSA==,WmqLLFCCRbPBM9THHN+FNA==,NU0YbuuuppwQ0rPbfyGM0Q==,Female
74c21a55-bc6c-4cb6-a66d-5d9c49859f35,WVZ/032/00105,00105,A+dvdUWwWTtabQ5Gpb5Hyg==,WmqLLFCCRbPBM9THHN+FNA==,ht9GlVe0ilhXfUgddsIxww==,Not Specified
75e0ff4d-eb98-4930-973f-6da311e3c562,WVZ/032/00283,00283,sHXoUvdkf5+mvtNdOLBdvg==,WmqLLFCCRbPBM9THHN+FNA==,nj23q1i5X/GVheSkvVhqmA==,Not Specified
75f63d01-3918-4e19-b034-755f98b14c30,WVZ/032/00281,00281,nQIS8MU1zjWho31DGDW0zA==,WmqLLFCCRbPBM9THHN+FNA==,jtUouQSNzo9qow5tvURLGw==,Not Specified
760c9722-5872-42e6-8505-d81f55b2b3fd,WVZ/032/00141,00141,Es/cFC+tsPSONVLPgM1o7A==,WmqLLFCCRbPBM9THHN+FNA==,Jq/xxIfoW3kYHEfyXQe8VQ==,Female
76153085-c1ce-413a-b21a-8e8db6fabfa8,WVZ/032/00181,00181,VjNyDKG8O4ulQX5A0dq0lg==,WmqLLFCCRbPBM9THHN+FNA==,NSz/rXN3dKlRIW9QjMYPOA==,Female
76570029-fe44-48f8-9433-1014f453df9e,WVZ/032/00200,00200,S/FxfJKA0onbVMqCdY+yAg==,5EJoNVJjxu+BvbVLrKFVrg==,9xxxR2Z3TH92qoqNfvlluw==,Female
765be08f-a918-4647-9520-e292fa413f6c,WVZ/032/00315,00315,BiBhMoJnf6CFrkMmitx6NQ==,,YP9g+oCsvplwn1P3jOG0yg==,Female
786b2a3e-e9db-4c80-8298-a49d2c33a795,WVZ/032/00102,00102,7kuTSTP6kStww2ijA1ZxPA==,WmqLLFCCRbPBM9THHN+FNA==,5p++/B68KpC8WEdJc5ab/A==,Female
79b5c9a3-843c-4082-b8cc-5e055da22877,WVZ/032/00220,00220,4fyWIzSzIdy45vb/M3lsxQ==,WmqLLFCCRbPBM9THHN+FNA==,q1FDYDFQPlnE4XCgm7w+lA==,Not Specified
7b85daf2-2b6f-4f7c-a4e8-ee2e2e83a4d8,WVZ/032/00152,00152,vEeBY3Dklo+wmAqXrLi13g==,WmqLLFCCRbPBM9THHN+FNA==,XJjoRg39ojDfqXRyKIb+MQ==,Female
7babdaff-bdea-4c43-a869-ed2aa8c18f42,WVZ/032/00195,00195,Bu6V391YVQmoZqIzANbJFw==,WmqLLFCCRbPBM9THHN+FNA==,/s3j/Dnqq6TgumbYEpLtBQ==,Not Specified
7caf53e6-f964-40ce-b8a6-a34d1892d282,WVZ/032/00032,00032,pjy1qUZ8flDUJ0TzBq0+ng==,WmqLLFCCRbPBM9THHN+FNA==,TrEecwH1LSJJBLDoyvJxMQ==,Female
7d78cf99-5ee6-447b-8cd6-daf1a2622570,WVZ/032/00266,00266,gPVaFcAOVPofIost4tZO3w==,WmqLLFCCRbPBM9THHN+FNA==,SQ7EMBhOpGP1KXCHSkD98Q==,Female
7d89a994-c9a8-4e74-b17d-320e4222d189,WVZ/032/00234,00234,rk2+DOQ6QUtAbrlZFgpZDg==,WmqLLFCCRbPBM9THHN+FNA==,nySNPZPAIKaSylfCcioTmQ==,Not Specified
7e0fc8a3-892c-4465-a1e3-276f2dfa77bf,WVZ/032/00131,00131,1nQyLZX0g18X/BltwCZgJQ==,WmqLLFCCRbPBM9THHN+FNA==,aicWiMLi+RdhghWrv1xw1w==,Not Specified
7e8e0054-2d12-4159-bf1b-3f6bb758047e,WVZ/032/00169,00169,L3XSrglKZQvaXMjMO3WKMA==,WmqLLFCCRbPBM9THHN+FNA==,7wG8sUhw038NKyFx5efmZA==,Not Specified
7f369031-3dcb-4cef-849f-764fab30437d,WVZ/032/00019,00019,M2SHJoSIXNaRNqj9s+OgEQ==,WmqLLFCCRbPBM9THHN+FNA==,4CpVED9ceIiKtRLCUGKNSw==,Not Specified
8015384e-3e02-4c26-a00d-76c61f58c572,WVZ/032/00077,00077,5z6jyq3i0LMBKuBzSfFQZQ==,WmqLLFCCRbPBM9THHN+FNA==,mH3Or6CRhiSFldIr2leZug==,Female
81000bf9-95cf-4508-ab99-504f8735ae40,WVZ/032/00017,00017,g4q+hZwtL8CNvuHoOux5Ig==,WmqLLFCCRbPBM9THHN+FNA==,eDzYrdKG4Qgfqy1ZPhGSkg==,Female
8105172a-941a-4ebd-bb73-14f2003bb3d6,WVZ/032/00277,00277,Bu6V391YVQmoZqIzANbJFw==,WmqLLFCCRbPBM9THHN+FNA==,YAgZCe+INrKrShZY+tySKw==,Not Specified
8179816e-dd5d-424b-a6be-b8fe66f2a273,WVZ/032/00170,00170,3Ub11WxpyAmtmTNEH5edbw==,WmqLLFCCRbPBM9THHN+FNA==,Zv5I9T2rlYtTd1ssVUpong==,Not Specified
81821539-0eab-4a95-bacc-915c87b0d10d,WVZ/032/00264,00264,MFuIkvCnhI4Id64R5I9gBA==,WmqLLFCCRbPBM9THHN+FNA==,mmnkwjvVS+IVwnf+ka4u1Q==,Female
81b33d5d-6bd2-4393-81e2-20b825d49a45,WVZ/032/00221,00221,epplsLgCVwsoQJP9Ty34Sg==,WmqLLFCCRbPBM9THHN+FNA==,dNYTtm46PQXxNmWNnDe+XQ==,Not Specified
81b6a0be-7299-443c-bc0b-eeb5fe4738e6,WVZ/032/00250,00250,aVn8Gp2c9nusxhIQzmpRPA==,WmqLLFCCRbPBM9THHN+FNA==,QEFBalPF+TEEMy0kJ/VXWw==,Female
8219d14e-e536-40e5-9786-7356a8d133c3,WVZ/032/00100,00100,9nFL3w+2CYSu/qrK82/sCw==,WmqLLFCCRbPBM9THHN+FNA==,csv7tli7RX/fpEAa8eKZHw==,Female
83435098-149e-4ce3-a02f-2ba3cbb82153,WVZ/032/00057,00057,6a/8x5JcPXQ//xWvnEdutQ==,WmqLLFCCRbPBM9THHN+FNA==,Atl2cDFTjBghcDvjMESjmg==,Female
83615e9e-7904-4d19-b00a-d5150ff52dd4,WVZ/032/00133,00133,I85sm4p5bfSyg77nySnE0Q==,WmqLLFCCRbPBM9THHN+FNA==,lGYXm66R/NnlRVgUcSF6Zw==,Female
83f29db3-8425-4c6c-b8a7-993d848365d4,WVZ/032/00260,00260,UCc7rfVvz5JNFQFjCAEvZw==,WmqLLFCCRbPBM9THHN+FNA==,6+ieOyfn7Dlv6XlIZOf1NA==,Female
8400a167-6ee7-46bf-a716-bd7df27a8439,WVZ/032/00294,00294,3hWFH2GdkwUF4pkj/Ep53A==,WmqLLFCCRbPBM9THHN+FNA==,jtUouQSNzo9qow5tvURLGw==,Female
872e6a07-80a6-4e62-840a-e3decfdbf909,WVZ/032/00183,00183,S/FxfJKA0onbVMqCdY+yAg==,+ZIyDn4SC5T2njb7xmmR8g==,mvVD462jV2mGLDvcQg2oHQ==,Female
8767e5dc-e1e5-417c-b72c-ebc74b95ec68,WVZ/032/00115,00115,DAgXeB+8JT36eGR2j0pUZQ==,WmqLLFCCRbPBM9THHN+FNA==,zJc3xvpFiUCj2Qn6NAO39A==,Not Specified
877bab42-9923-45fd-8e64-30b69430afe7,WVZ/032/00329,00329,YuTWPAE2+6SakepyvA8v1g==,,tgP9nCxoTO+BcIKJa5g8uA==,Female
8843c3e3-0e09-4227-9c77-10c2db9996cd,WVZ/032/00125,00125,pGFbSJUGRpMdAXIA4cWDFg==,WmqLLFCCRbPBM9THHN+FNA==,6ENJIW87+fleKhilo8+rrw==,Female
88d582f9-b936-4c96-9bc3-72426db6db3d,WVZ/032/00289,00289,hKeAObc0ZJGW0ez0LLrF6Q==,WmqLLFCCRbPBM9THHN+FNA==,67OSKbYNcNhg3VmfYeduog==,Female
8ad89a68-a288-47b4-8da0-16535e0cc320,WVZ/032/00051,00051,izOzo3d/UZy5rXCz8JEulQ==,WmqLLFCCRbPBM9THHN+FNA==,uAzrq7r0a4um7hZTN2lqLw==,Not Specified
8b744b76-ed3d-451d-ae7e-4bc19d3fb262,WVZ/032/00248,00248,dlLOWmk2w753l+O1rCo1Fw==,WmqLLFCCRbPBM9THHN+FNA==,U9rdQfnPYA32YGRby71QHw==,Female
8c4e7c75-39a1-46f2-9004-bb9ddc5cec63,WVZ/032/00243,00243,kuDqdCOjRnaBmcyAV0Ik9Q==,WmqLLFCCRbPBM9THHN+FNA==,+dDlc1qz/rPwl1HzvIeu2A==,Not Specified
8d9e2482-b343-4ccc-840a-e05125984164,WVZ/032/00011,00011,l84t4MGHygX8riTfXR5Jaw==,WmqLLFCCRbPBM9THHN+FNA==,wSm5bPirg8IUVp9VkHfMAw==,Female
8f123c16-e84a-4250-890d-0605a00be9cb,WVZ/032/00336,00336,kSs2c6qAWB0+AU+IZufT7g==,X5L4/WV2495jDKaXhaiL5A==,1AQdauGQVSXnFNfrzOjVQw==,Female
8f1b2702-49ff-4fdb-96ce-ebe13b2d90c3,WVZ/032/00012,00012,PodvXxwgwFTih7rXqJ/Mhw==,WmqLLFCCRbPBM9THHN+FNA==,bPQ0Ez5/1WxYV5fVicyyyg==,Not Specified
9031f4c6-f764-4e7a-bd6b-a81ffe79023a,WVZ/032/00127,00127,8g2IGr3nSOesdZWrM9nN2g==,WmqLLFCCRbPBM9THHN+FNA==,jIbWWOolJpYYoywmV+J71A==,Not Specified
909a109d-62ee-4a96-86e5-10e1bf0f3d26,WVZ/032/00014,00014,hGkLK8k5oQqgz8rJgS6KqQ==,WmqLLFCCRbPBM9THHN+FNA==,g4F64pP6xGy1aFnXGp+n9A==,Not Specified
92f1e954-2d70-4834-a9a8-859ea89cca5b,WVZ/032/00134,00134,VkDwQjrB4uSIZHcqLbCXRw==,WmqLLFCCRbPBM9THHN+FNA==,RefQtIMP5m+9jmniqtULRA==,Female
9311e9a5-7bdb-4487-b5c7-b09965c24da5,WVZ/032/00126,00126,r1DukAcLvpvV/2K+VZjygw==,WmqLLFCCRbPBM9THHN+FNA==,6ENJIW87+fleKhilo8+rrw==,Female
932aca82-44d9-4a43-8279-9cd7801e3d91,WVZ/032/00064,00064,XJW24GDORrR8FLHDpBBj+A==,WmqLLFCCRbPBM9THHN+FNA==,6mObi70hQP05Hn+RmfM9iw==,Not Specified
934db7c7-c89d-4b82-8d8e-8bb7315aa397,WVZ/032/00270,00270,KhSgGYvwAuk3wPUC+UdEBg==,WmqLLFCCRbPBM9THHN+FNA==,BD+nBrRcHvQ4rM1CEL7G2Q==,Not Specified
94ce3ce4-78f2-46a9-9120-e6c3abb6ee96,WVZ/032/00023,00023,ZJ60eUwghzFbm563RGbHXg==,WmqLLFCCRbPBM9THHN+FNA==,h4vEGBDHTIp5tSMx95BXJw==,Not Specified
963e1ece-d094-4e90-9dc8-8059b748903b,WVZ/032/00297,00297,oe0zS4r74MVmGZMdsz5wMA==,WmqLLFCCRbPBM9THHN+FNA==,rXfne6v9YeE0V2AIizu/SA==,Female
96ca4443-9b18-44db-869b-ba86bfa54af2,WVZ/032/00062,00062,0PypNOXmBwKXbcJoONbCtg==,WmqLLFCCRbPBM9THHN+FNA==,d5OIGAe1112Liwo1mE06FA==,Female
9865c9bd-56a7-4333-a19c-2e468a0cc110,WVZ/032/00188,00188,WmqLLFCCRbPBM9THHN+FNA==,h/x2DrI+pkoJqDusu16UDA==,veJP02qQXnjROPvCJiJnFg==,Not Specified
99025f0f-789d-4f6b-9851-183d5f8bbc93,WVZ/032/00218,00218,8kIEAqTB2UuUoOP3lfif8A==,WmqLLFCCRbPBM9THHN+FNA==,npxkfLOgft77ne2F2Kn/oA==,Not Specified
99a159b0-209e-4574-81e8-8281ee38ab0e,WVZ/032/00080,00080,QCyyr+BBtqsiXqbNCK2hXw==,WmqLLFCCRbPBM9THHN+FNA==,95LzsALGLWRqiRQfEZO9LQ==,Not Specified
9a91d99b-7843-4ab6-a2a3-362906d4e7e1,WVZ/032/00087,00087,Ah9liGT+By5aNE08Dp+SBA==,WmqLLFCCRbPBM9THHN+FNA==,y0XOopmEHpB/RUrJVsYHHA==,Female
9b80c7d6-58a9-454c-94ab-4967a6499857,WVZ/032/00004,00004,yu+fyijRQ2qEkMMz+shSug==,WmqLLFCCRbPBM9THHN+FNA==,BObjWHT4G3Nvbv9fVF2R3g==,Not Specified
9c085436-e108-4988-94cd-bf3e79a2c62a,WVZ/032/00242,00242,34vvofvgZCMf5G1vv4HAYg==,WmqLLFCCRbPBM9THHN+FNA==,fK2H84ocXdivSaX32wfCgg==,Not Specified
9c9900ce-d389-4656-8978-8870cb028d71,WVZ/032/00222,00222,JyA62cVzjY2Z2859J3FGkA==,WmqLLFCCRbPBM9THHN+FNA==,mCtR09ZAHNUpK4ze5eAFQA==,Female
9d3bb515-2284-4853-b9aa-7aa7c6bcb245,WVZ/032/00332,00332,rzvxZr2InNlC+o/2iW23Dg==,,IUxX93k0eyqL9MgNiK4IYA==,Female
9e0de153-c4a6-4b53-aba7-24a140a5e2e9,WVZ/032/00041,00041,OCdaUh59q2aoLQ/xacg2Hg==,WmqLLFCCRbPBM9THHN+FNA==,7wN2UmasbrXVZZNfKJA0Vg==,Female
9f069f89-1001-444e-a456-47c0cee9fde8,WVZ/032/00005,00005,MpsjpJyfr8+qvn0VWCWjSA==,WmqLLFCCRbPBM9THHN+FNA==,gdSQavhuc6HZLxBGBW9fJQ==,Female
a183ae2f-85a5-493d-8252-e874874d681a,WVZ/032/00253,00253,ja8V8sko0CWGXUNboBY81Q==,WmqLLFCCRbPBM9THHN+FNA==,fuFyyImamVLO1zKy1lMT2Q==,Not Specified
a1abb170-85e0-43ff-89e7-101628cbe27b,WVZ/032/00106,00106,me8Vx2OP/b6u/CW+9IhMNA==,WmqLLFCCRbPBM9THHN+FNA==,T07XaASMxet1GonF9tERkQ==,Female
a2044ee3-309f-4f40-b051-e731ef01870c,WVZ/032/00028,00028,Dv1dHkdxlL7zjSFnWhqaKQ==,WmqLLFCCRbPBM9THHN+FNA==,UkRtELYQHbJfi8nTemJ67w==,Female
a243e10e-6c3a-4d9c-abd0-eb37b7154f87,WVZ/032/00317,00317,MpsjpJyfr8+qvn0VWCWjSA==,,9+qvqPHgs6Q8EAmRcKshSg==,Female
a2a5547c-683f-4fdd-9b47-b73f1fe3fb1a,WVZ/032/00117,00117,GdOvUeetZ8vG0V1sUgiGTw==,WmqLLFCCRbPBM9THHN+FNA==,FPEmmVmx1ZOU5u0U6hONmg==,Not Specified
a3290541-6a04-4c54-aa85-589d214269ab,WVZ/032/00213,00213,J3pOrntWiGMD/bLC/Tc9jA==,WmqLLFCCRbPBM9THHN+FNA==,fPkgHOnOOxaYew4GY9z16g==,Female
a370d1c7-e33b-481a-942f-45f55b07d984,WVZ/032/00319,00319,oOyCEsAtwNcKg1NmTtUW8w==,,AEubswDeEd+KDqgRH45UyQ==,Female
a38f7168-2abb-4324-ad0e-429e5012080c,WVZ/032/00299,00299,+AaztYyAaK91fUOxFwLiJw==,WmqLLFCCRbPBM9THHN+FNA==,n4TgoeezTPv3uFgg6KUpbQ==,Female
a435a1f5-2322-4cf3-bf55-2bf3951f7a0f,WVZ/032/00244,00244,jJFwar5ZBaOTuhug5/McPw==,WmqLLFCCRbPBM9THHN+FNA==,bTyg+muRf9ecLtdk6JOLaA==,Not Specified
a54f9818-7a61-4748-99de-7b8e1c071936,WVZ/032/00322,00322,kSs2c6qAWB0+AU+IZufT7g==,,TImeswK6uSU+R+lnHWLP2Q==,Female
a550f846-c49b-4fe1-bcc3-d9c58222d10d,WVZ/032/00149,00149,7kuTSTP6kStww2ijA1ZxPA==,WmqLLFCCRbPBM9THHN+FNA==,n8+Tz0jkDoXqMByl1VGEkA==,Female
a5759f69-ca13-4114-b5f2-49c21f88626b,WVZ/032/00272,00272,cgSPuVUS7wrHyMxlMS4gHw==,WmqLLFCCRbPBM9THHN+FNA==,9OGzhG4K1hjpvmBKxO86RQ==,Not Specified
a5d1fea2-57f2-4ea7-abfe-e28890c800db,WVZ/032/00175,00175,8LQrVcs8QVHzAdwYwQmtjQ==,WmqLLFCCRbPBM9THHN+FNA==,5NUGTodaBmSgMcHoNk6AJQ==,Female
a71bb695-b784-4081-8e22-8a95b9e80924,WVZ/032/00031,00031,pCN7DONCpy2GX7q8/qP8Gw==,WmqLLFCCRbPBM9THHN+FNA==,XrvxSnP03eHT2N4IsEFq4Q==,Female
a7426e81-40b5-4edb-b295-37450f265761,WVZ/032/00027,00027,GOMjN+ZgaWjIfUAMB8xTkQ==,WmqLLFCCRbPBM9THHN+FNA==,dF4snEobFE0qM6arI8jc5Q==,Female
a83ef4a8-e60d-45f2-9784-c914411f219b,WVZ/032/00162,00162,nTH/rRw4g1HkESle9beg/g==,WmqLLFCCRbPBM9THHN+FNA==,SETqt5Oet1u/Xrvi+GXiyg==,Female
a935a0ca-8116-4229-8003-1d466308a7fa,WVZ/032/00060,00060,T2Y16Z8Jcyd2gJiqI8C/eg==,WmqLLFCCRbPBM9THHN+FNA==,h90jShSPsY/CkkoafSwV+A==,Female
a941bcb8-b3e9-46f0-a108-82db9377702d,WVZ/032/00217,00217,kSaZaZmnb32jrH4CE67fQg==,WmqLLFCCRbPBM9THHN+FNA==,+tHX+KfEo1wsTAKPOj9juw==,Female
a9620222-aeec-4280-a1fa-fdff1485407a,WVZ/032/00211,00211,+fTLtz70Z6/Lw46UNYb7mg==,WmqLLFCCRbPBM9THHN+FNA==,ni9/tp2vi5eOyiG6kctgNQ==,Not Specified
aa4bb6bf-58c0-42e9-92a1-dedf6fe48434,WVZ/032/00304,00304,8LQrVcs8QVHzAdwYwQmtjQ==,,FdOfR4PewOC+6IMJ++5cUg==,Female
ab28389b-d77b-44a7-8afe-79bf15988baa,WVZ/032/00269,00269,0/UTYaimJ8rUtSoi87iQZQ==,WmqLLFCCRbPBM9THHN+FNA==,a8JCiZER2xfgfN0e1lWXaw==,Not Specified
ac7b7008-1adf-497a-846d-2b5a7196915d,WVZ/032/00214,00214,ndjwJi9tu6QglguPSsXrkQ==,WmqLLFCCRbPBM9THHN+FNA==,LeRcw96D1r9e0ztsySCfaQ==,Female
ad74c67f-560c-48e1-92d8-215240a24803,WVZ/032/00038,00038,ri8EV0Rmj2cdUwuhgBhQwQ==,WmqLLFCCRbPBM9THHN+FNA==,As8b3vbfWW2s6dSY/fzW4w==,Female
ade9553a-b536-44d7-8f3a-5eb0b6802ba4,WVZ/032/00108,00108,JcpW20v9lAcNy4FMJCZj8g==,WmqLLFCCRbPBM9THHN+FNA==,2EqzW+tKtTv9xz1DahcL9A==,Female
afdea5b5-9c2a-4838-918e-b77c98144e29,WVZ/032/00240,00240,hKeAObc0ZJGW0ez0LLrF6Q==,WmqLLFCCRbPBM9THHN+FNA==,XKSdcz8MzjXnPbdRdQDrdg==,Female
afeb1533-321a-48ac-975e-f4829424a363,WVZ/032/00053,00053,GJjvc0Kwh9Dr2sSvKG8QeQ==,WmqLLFCCRbPBM9THHN+FNA==,HWRnoMQebyX7yDtddk4bsw==,Female
b25d2932-109d-4afe-860f-55312c3c3c32,WVZ/032/00328,00328,NXhLdewOAWKHcCoxwGgDuw==,,4tXRU2xbmpr6mmruAqeMAg==,Male
b25fc6b0-4305-48ba-9879-665a2dc2ac7e,WVZ/032/00135,00135,dF4snEobFE0qM6arI8jc5Q==,WmqLLFCCRbPBM9THHN+FNA==,lGxOngOHasaRLMsukTi0Dw==,Female
b2cef07c-67a5-4267-b8b9-cf6016444320,WVZ/032/00048,00048,BiBhMoJnf6CFrkMmitx6NQ==,WmqLLFCCRbPBM9THHN+FNA==,v+ko5wZyW9X/NBTlHkFelw==,Female
b2e0de27-4cf5-4ccb-99cb-fad1a00ecd09,WVZ/032/00307,00307,W2KhV5z4stq1tpE6CG9w3Q==,,tgP9nCxoTO+BcIKJa5g8uA==,Female
b366a575-2af7-4b84-b00b-79058a9959d6,WVZ/032/00086,00086,ciM5HO2MpolPHnRLfhHUkA==,WmqLLFCCRbPBM9THHN+FNA==,ss+1MDN19aVWp+pLMizw4Q==,Not Specified
b40c3a72-d1be-4fce-b89b-d484164be06a,WVZ/032/00067,00067,uVBcnHkyoZDkkOA28zfw/A==,WmqLLFCCRbPBM9THHN+FNA==,Hg/vni4T9pWdBw5LXFrm5w==,Female
b41e635c-ba3a-49a2-bce5-1dc28c26bc56,WVZ/032/00308,00308,TK4631Ms+8wVeW4/U9riJg==,,7lnem8C0cI4uOPM3ZyAFXw==,Female
b4eedd35-abfb-4d73-85f5-a96afaae140c,WVZ/032/00040,00040,C5B7u+vRSrAa8huupHmDJg==,K2Gz9RMFgM1K4OcU/NU1xQ==,Oi9XnvemmArfa2piWgDGcQ==,Female
b83e7147-9edd-43b8-aa59-e7c3f87c7139,WVZ/032/00261,00261,gzzhqBw5CcfXRuJdjrkkfw==,WmqLLFCCRbPBM9THHN+FNA==,rE56Q7y3tKuPOTYoOd0+FQ==,Female
b84e1ebd-2206-40f5-b5e6-6fadf41c830b,WVZ/032/00137,00137,ApLYPIK7PtR534NBMSg8sg==,WmqLLFCCRbPBM9THHN+FNA==,DnAzZSuS2hpujUkF+nMFig==,Female
b956232a-02bd-4136-a5be-c06842a9762d,WVZ/032/00123,00123,E1lF6hkubysv1U/IRaYTfw==,WmqLLFCCRbPBM9THHN+FNA==,inNVkBY2LaqQvWWNefsZIg==,Not Specified
b9f4565f-62b9-4630-8133-cdd3a1b463b8,WVZ/032/00215,00215,QREhfE0ZLgagb/9BpEdKtg==,WmqLLFCCRbPBM9THHN+FNA==,VJRef7g25tLxA3F57FmqUA==,Not Specified
ba15ea46-1913-447e-8434-be38f4f2f1ad,WVZ/032/00065,00065,NiK7PVltEu1lQDNIzH0E2g==,aozZ3QOfxMwR98a6PCeNnA==,c8f+2w9gcNP+MIzctJc8ww==,Female
ba4ae4ef-1b7f-4b0a-a89d-f538dc2f67d4,WVZ/032/00151,00151,vKOYr2y9nOu8CR9RuHuFjA==,WmqLLFCCRbPBM9THHN+FNA==,DEJ3FvsHgCNhG/xk+rqd/w==,Female
baa248c8-dd29-42b7-8230-c683717b7bbb,WVZ/032/00171,00171,kfGi8gPrQS3DdMnS6FASdw==,WmqLLFCCRbPBM9THHN+FNA==,lPNwGTvJWOhhKO1QttThAQ==,Female
bb8ce7cf-c05e-40a7-a427-9dea3c89798e,WVZ/032/00013,00013,B25K6zKNDNOYZhLNy3iJmQ==,WmqLLFCCRbPBM9THHN+FNA==,gD6fvPj3QPQueYqO4C6HYw==,Female
bbb2ca3a-ad2e-4310-a114-a7e20ef27e81,WVZ/032/00279,00279,NAfJcLWtxhOBeilezwrStw==,WmqLLFCCRbPBM9THHN+FNA==,UPgigKoyOCvkFTDQoz/+/Q==,Female
bbea8173-1b6c-46ba-b45b-ab65f3fa2405,WVZ/032/00271,00271,WRM1NjX9d8tXKVtNUJfETA==,WmqLLFCCRbPBM9THHN+FNA==,6/bUMOT9waEfO8wG754qHw==,Not Specified
bcf08998-0fe8-494b-9d5a-b07cba32dc17,WVZ/032/00300,00300,epplsLgCVwsoQJP9Ty34Sg==,WmqLLFCCRbPBM9THHN+FNA==,81h2PO7HqeJGt09zRmZj5Q==,Not Specified
bd147830-d068-4fef-a7e3-9ed3fee46b4e,WVZ/032/00154,00154,kuS6lSRtAfeh8LvpwsgddQ==,WmqLLFCCRbPBM9THHN+FNA==,x+ODa2XqmdKJHWm4lU4nAg==,Not Specified
bd6500f9-667a-4398-b25f-05dc5d968519,WVZ/032/00109,00109,KG3+nquyUusKdO1OB1znWg==,WmqLLFCCRbPBM9THHN+FNA==,N+nlTEqHKZJ42x/f+yu6OA==,Female
bd704835-cc67-46a2-9db7-95fbaa88f9f7,WVZ/032/00140,00140,PKm6VSAC+6azep9QUT4Z1w==,WmqLLFCCRbPBM9THHN+FNA==,QhuA8wmXEa9r4DM1Hf3PAw==,Female
be07231d-eadc-4dfe-8ac1-35d2e2543a05,WVZ/032/00309,00309,Dv1dHkdxlL7zjSFnWhqaKQ==,,J9Dcwpp9Ft8kwz7mCvPFow==,Female
bf739a9a-9c9e-4aaa-a5ff-2d3a6681feb9,WVZ/032/00330,00330,4H43iieOlaNC/a6RiUkVmg==,,ZzaqT4Qw61yNDoR2jOkAgQ==,Female
bfa6a5ad-853b-40f8-96da-2188cd2dbe7c,WVZ/032/00093,00093,B25K6zKNDNOYZhLNy3iJmQ==,WmqLLFCCRbPBM9THHN+FNA==,WxxLPGfnpRui/uzikaw2Jg==,Female
c2735541-3f9b-4034-81b7-1b1aedb2ae12,WVZ/032/00026,00026,78FAGjmQjFVUEm18vyu1cg==,WmqLLFCCRbPBM9THHN+FNA==,XQXl2+3L20PhoWYey+izig==,Not Specified
c2d8bcd6-4d1d-481c-bfe9-e19feee87b51,WVZ/032/00150,00150,5zIxJK8JNExYnsKFxAkoZw==,WmqLLFCCRbPBM9THHN+FNA==,I86J/yQETNtfjkwXniZZWQ==,Not Specified
c2de55cf-35c5-4b90-8bfd-c692eb4cd911,WVZ/032/00020,00020,pjy1qUZ8flDUJ0TzBq0+ng==,WmqLLFCCRbPBM9THHN+FNA==,dFk74RStItBuFG5S7h8GEA==,Female
c4d57e8d-4ea6-4ae4-937e-d9c00bb0c547,WVZ/032/00186,00186,UCc7rfVvz5JNFQFjCAEvZw==,WmqLLFCCRbPBM9THHN+FNA==,XrfxdXlZcvfQ4cN8WoOh8Q==,Female
c5a1e040-96c8-4179-815e-ab8ba168f996,WVZ/032/00333,00333,CHs7Bm3BgLFgPot09FR6uw==,,h5sFKL7sc6ZMGZtmJ/aMKA==,Female
c5df12af-347e-4be7-81a9-5cb33be4456c,WVZ/032/00161,00161,US08iCJZjCsmUNB53ZR/aw==,WmqLLFCCRbPBM9THHN+FNA==,1c2yhc6i2VjFQgEMHgDc5w==,Female
c62d750b-0e83-44cf-ab5f-1fb5b0cc3f0b,WVZ/032/00055,00055,y4zrFFPuhAELYxdE/fsTFQ==,WmqLLFCCRbPBM9THHN+FNA==,30UauEHpsD3kIEx35EA4AA==,Not Specified
c6503b87-9714-4a45-97c3-c175a6dfb724,WVZ/032/00037,00037,jTsw/qsUBmjp+l2ViIYW9g==,WmqLLFCCRbPBM9THHN+FNA==,g9xANiAhgS0081/9aW6vYA==,Not Specified
c6582df9-6eb9-4be1-ae0c-f0da14ae3baf,WVZ/032/00263,00263,RtbzWhBKE6lqgnOFmy5uXQ==,WmqLLFCCRbPBM9THHN+FNA==,T9j1JISfBZw9O5tA5tsDjg==,Female
c71111ad-45ac-4fab-a1a0-5502091f631d,WVZ/032/00010,00010,/KdNj4DKAKEBnY2UgBW19Q==,WmqLLFCCRbPBM9THHN+FNA==,G9ylSyS+x+D76+H/l27ybQ==,Female
c7dbab11-b2ed-4023-b3c0-92bfc95af249,WVZ/032/00267,00267,nu0w98A+VAT+EMNnAyFsCQ==,WmqLLFCCRbPBM9THHN+FNA==,aM/5bDb1jw9Jm9br6J02bw==,Not Specified
c914ec21-eb90-4a3f-a171-2f243dae65da,WVZ/032/00228,00228,FYlSF6TdsKEEZEihI8SXOA==,WmqLLFCCRbPBM9THHN+FNA==,/10S9iefe3f6OjjgwHEwoQ==,Not Specified
c94257da-e84f-463d-b1be-d37973d341fb,WVZ/032/00066,00066,cHeKMUxvwsLdphkaKm9ELQ==,WmqLLFCCRbPBM9THHN+FNA==,HqOjn7rLzIW9ZM4enmvK6w==,Female
c9567aa9-2461-4684-8384-ca85e4b8ace1,WVZ/032/00114,00114,fwRUiplB8cfZjkD8hMUItw==,WmqLLFCCRbPBM9THHN+FNA==,ywqiyjPCbL9P1S4cyJIjeg==,Female
c9cbe673-4c5f-4ca4-b413-e69d319b7d58,WVZ/032/00094,00094,rzvxZr2InNlC+o/2iW23Dg==,WmqLLFCCRbPBM9THHN+FNA==,bjFLiviv71LKi1iZimaQmg==,Female
ca9cf5c6-cf95-448f-b67a-7c4912f4a925,WVZ/032/00241,00241,AkfMgfVCLRJFcMxOxHCv8Q==,WmqLLFCCRbPBM9THHN+FNA==,z/Ys6RPmZFnW6Gx+uI/kdw==,Not Specified
cb27ab47-d685-4160-8a03-02038a2986fa,WVZ/032/00073,00073,knUzeLDhdQ8n91S+Yl37Rw==,WmqLLFCCRbPBM9THHN+FNA==,JQ09v6NzVIeqqz1VR7QeNA==,Female
cb493eea-a4dd-4c6c-85cc-85fa03d57d78,WVZ/032/00047,00047,qFFEuWFY/uEgV+ajMR0D5g==,WmqLLFCCRbPBM9THHN+FNA==,8epYGSJ7aC9aw9sKm0BwyQ==,Not Specified
cb8bb6e3-dbdd-4c5d-bf71-23d21e09d5ee,WVZ/032/00158,00158,hKeAObc0ZJGW0ez0LLrF6Q==,WmqLLFCCRbPBM9THHN+FNA==,PrxKukXRn0hJRl1HRHejSg==,Female
cbf71c3f-9fc9-401b-8d59-51a6d67bf64e,WVZ/032/00046,00046,ZzejbBULjMiEJGpJMyX+Cg==,WmqLLFCCRbPBM9THHN+FNA==,HR2MLRm0KNwthiDTnr0IJw==,Female
cf8b42bb-3197-4ac7-b187-6ece8ffb4a6e,WVZ/032/00007,00007,OT0WyViLz/cqrBIzGqRSlg==,WmqLLFCCRbPBM9THHN+FNA==,UuZKW+eZ0UjRoT+3D9TjdA==,Female
d01c4d7d-9aab-4989-b0c8-8fc0ccc6fdc9,WVZ/032/00287,00287,8pWVEqRWrjOprG18ihQZgg==,WmqLLFCCRbPBM9THHN+FNA==,a9GwO9AtFXsd9Yc7/dHWIg==,Not Specified
d199412e-8771-4252-b772-5a6b80783ae6,WVZ/032/00184,00184,07Fm/By2CHQRWh641Zz5lg==,WmqLLFCCRbPBM9THHN+FNA==,+Y3eZnbxLvztHKtj5QC/hw==,Female
d2ae65c8-69f8-4546-b657-e1cb39fe56fa,WVZ/032/00153,00153,xjWTxO+57/KWXp98vys16w==,WmqLLFCCRbPBM9THHN+FNA==,om8ls93UZOfL/k63sck9iw==,Female
d3288c01-b346-4b8e-8667-5b863e31af35,WVZ/032/00081,00081,SSGtBEcY2IoL/sKCc/T7Lw==,WmqLLFCCRbPBM9THHN+FNA==,wBtaSaK2q5vPdvaGSIvG8Q==,Not Specified
d38a720f-a638-4489-987a-d877c61409ce,WVZ/032/00202,00202,cSIN3se6neHupxmggDpXCQ==,WmqLLFCCRbPBM9THHN+FNA==,wAX5Qy9uzxxbk5bYdSCOgA==,Female
d60ddd88-02c1-47e6-8276-d98988ca435d,WVZ/032/00016,00016,JcpW20v9lAcNy4FMJCZj8g==,WmqLLFCCRbPBM9THHN+FNA==,HmDBDoluNFuBHpGcXXZJGw==,Female
d654b4a8-71f4-4bed-a51e-08ed174629a6,WVZ/032/00111,00111,zZyJq38pv5QKQxbzzXPU0g==,WmqLLFCCRbPBM9THHN+FNA==,hTqKXBASzgtuhOXvgKDwtA==,Female
d73cac4b-f758-4592-adfd-b48bed1a9d1d,WVZ/032/00180,00180,ox9XqVC38J37iIX59zR4vA==,WmqLLFCCRbPBM9THHN+FNA==,bQ4nauYnp93TFx5IwE3rOA==,Female
d774e6d6-6653-439b-bd8a-9e08f9cdca4a,WVZ/032/00030,00030,aicWiMLi+RdhghWrv1xw1w==,m/QppV0T2Ld/LWLTTmhN0A==,Spbr2o2QgFN7YjAsLSwqqw==,Female
d7f83185-67dc-41cd-8436-0a98ae1251a6,WVZ/032/00006,00006,1BtjXUu37oFUXjP4vwz1/A==,WmqLLFCCRbPBM9THHN+FNA==,UuZKW+eZ0UjRoT+3D9TjdA==,Female
d930e9f9-6892-40bf-bdee-cbf1342b5aff,WVZ/032/00089,00089,IARIM4Sady7pw7n+yWwPWQ==,WmqLLFCCRbPBM9THHN+FNA==,KaI+80ZZSqaCyam407zEvA==,Female
d9a939e9-0755-4c6d-9308-e36a12d3fd77,WVZ/032/00076,00076,f4hl9l79ucLs4GJmObKzGQ==,WmqLLFCCRbPBM9THHN+FNA==,RcmJBuegkX0Keyl9Q7NdTQ==,Female
da0ee55b-251c-4093-aa3a-f67436855daa,WVZ/032/00142,00142,d4TvAnC3JDlBBYeGR/SIlg==,WmqLLFCCRbPBM9THHN+FNA==,mf/uKVq87GhBuMS0dXD+ug==,Not Specified
dc5f6028-e6c6-420b-81f8-03a72fc3d13a,WVZ/032/00104,00104,VkDwQjrB4uSIZHcqLbCXRw==,WmqLLFCCRbPBM9THHN+FNA==,n5EDUJw+4pdyfN1fGVdEUw==,Female
dd37dd89-9690-4f96-9cba-b24a371abaca,WVZ/032/00167,00167,Tcv48rNB1G/kfh0ugHXwMA==,WmqLLFCCRbPBM9THHN+FNA==,mvziOOi7mSuC3yYM1xNJXw==,Female
def5dd66-ccf7-483e-8246-1249d05df4f1,WVZ/032/00227,00227,f1wEAODDF7sLtP610PrT6g==,WmqLLFCCRbPBM9THHN+FNA==,/10S9iefe3f6OjjgwHEwoQ==,Not Specified
df773c80-477c-4a5c-a4c3-60144d0cf010,WVZ/032/00316,00316,VHNyYa0rGE9YfizIAwNk+w==,8+oqGWdIbMgKH5xWAchOwA==,Et+ZrSsttovOLUYhVhl6Ig==,Male
dfed13d1-91c9-4c3c-befa-caf582afc2f9,WVZ/032/00084,00084,D8vvw7U3BlNU1HdEKHMegw==,WmqLLFCCRbPBM9THHN+FNA==,vLzrECFbPilnERX1heuewQ==,Female
e037130b-57ae-40f3-9edb-2c9dad1a23cc,WVZ/032/00209,00209,y7aOFL9DYIO10g0+gfWSQg==,WmqLLFCCRbPBM9THHN+FNA==,5DZ0sPh0IOxoRkRdB0EyYw==,Female
e0a0b3b3-579b-45ba-8530-18a0d9196620,WVZ/032/00090,00090,oGkbQGHSk3blpamdEpgnPA==,WmqLLFCCRbPBM9THHN+FNA==,zaanZHjOieaHxD5RAjCqzg==,Not Specified
e1411e90-db06-45bc-8194-51dc27853ec9,WVZ/032/00324,00324,s8N/+S/DeO0qlV01P8cSuQ==,,Akj7XeEn0+HRUkvOR+Hwdg==,Female
e194c0df-662c-4c01-baa4-6853caae47cb,WVZ/032/00286,00286,O6aQzJz/FbSdmv+U1Aao1w==,WmqLLFCCRbPBM9THHN+FNA==,zsqFKX1U3NgG7VdRD2u/xw==,Not Specified
e4bef384-ffa3-41a6-a2a9-52f8c39821ba,WVZ/032/00290,00290,XNSGiY0+KR83oOqkLG3HiA==,WmqLLFCCRbPBM9THHN+FNA==,ogSJR6h/ZucGQxCCUCXcGQ==,Not Specified
e4d41bc7-7052-4c12-8095-28e1f067634f,WVZ/032/00155,00155,EHJLSnYrir0VEfOnvtLoGg==,WmqLLFCCRbPBM9THHN+FNA==,NcZKIADTMSwOZ4aY4Cl3GQ==,Female
e564bef1-f93a-4422-8e98-13ab5b1e58a3,WVZ/032/00035,00035,vEeBY3Dklo+wmAqXrLi13g==,WmqLLFCCRbPBM9THHN+FNA==,a9GwO9AtFXsd9Yc7/dHWIg==,Female
e59320d7-4ab6-46f8-b421-dd15599e7b85,WVZ/032/00230,00230,i3lwT/UfPsZlt4gwYNuWCg==,WmqLLFCCRbPBM9THHN+FNA==,o6dyc6cruOq2VDZ5yJ+M5w==,Female
e5c32d7d-58ac-40cc-ad8c-cdc8f981ac4d,WVZ/032/00235,00235,isLXBwSoZabGK1qMk13muQ==,WmqLLFCCRbPBM9THHN+FNA==,bCm6PX9gTBVNfPr7SL1oDw==,Not Specified
e623df41-6612-48ec-94a4-035b0d2a4965,WVZ/032/00335,00335,4H43iieOlaNC/a6RiUkVmg==,,+IWIPPyw8R/eJr55OATlMw==,Female
e6feb05c-f0a9-4495-b391-b2b7d2ca72fc,WVZ/032/00146,00146,ThAXnDoyxm1XZpyQMqNMgg==,WmqLLFCCRbPBM9THHN+FNA==,jl8tPM7kkJPZPk1uuj7vrg==,Female
e7c9e7ab-1c8d-407b-9697-61712fd0d32a,WVZ/032/00082,00082,BiBhMoJnf6CFrkMmitx6NQ==,WmqLLFCCRbPBM9THHN+FNA==,H2VwlOySPMo7R/gFuK6PUw==,Female
e918cf06-dd01-4c52-8e7e-8883b259c7fe,WVZ/032/00198,00198,/DPvALjygKh/QkcPodtI4A==,WmqLLFCCRbPBM9THHN+FNA==,F6h38LPHsJ2FhQwWhyucBQ==,Not Specified
e9d5d1c0-2032-42dc-b1f7-a95bf3fd9f76,WVZ/032/00003,00003,7M19M5hUQX+C/tMubIaYhA==,WmqLLFCCRbPBM9THHN+FNA==,NySnKnzLHHDbsewFAMQqNA==,Not Specified
ea5661a7-58c5-4d02-aedf-3b7edc98b4c7,WVZ/032/00168,00168,fzflloK73ZzK46c9hnQ+EQ==,WmqLLFCCRbPBM9THHN+FNA==,tj/OOaEeLgvvXzEOUww1fA==,Not Specified
eb0aa30e-3f7b-4396-8cad-a8e0131b830c,WVZ/032/00325,00325,unJcuUmWG8UGtPfcY8J7YQ==,,Mxc+ScjKlRdTxJcAmTHlWg==,Female
eb968097-31dc-4798-b465-2e4e337dba82,WVZ/032/00049,00049,g4q+hZwtL8CNvuHoOux5Ig==,WmqLLFCCRbPBM9THHN+FNA==,OX1LdNrQ0Ir+jSeKZzQX9w==,Female
ec6677ac-be66-42a1-822a-d8325413cb3e,WVZ/032/00255,00255,d9n2Z471mMn4pHITshKPJA==,WmqLLFCCRbPBM9THHN+FNA==,R+i/M7oPFlYPX+h9ohj8FQ==,Female
ec9ff517-8752-4495-be18-94e69b0e2f19,WVZ/032/00296,00296,hmE8oBaQsTzgAY4P7mXiOw==,WmqLLFCCRbPBM9THHN+FNA==,YAgZCe+INrKrShZY+tySKw==,Female
ed3a664b-3105-488e-8a5e-d59c966157fb,WVZ/032/00176,00176,JY1COfVCfZUKVBGcCV6Q5Q==,WmqLLFCCRbPBM9THHN+FNA==,WX4M1D0fXSaMnQqGMXMHCQ==,Not Specified
ed4cc478-68f0-4ab6-872d-1989c283b8ec,WVZ/032/00177,00177,aTwxk7zcPvCXuIWXjwsy7g==,WmqLLFCCRbPBM9THHN+FNA==,lbvdnNP2X8jPAvg7u3BOag==,Female
ee713bef-2d01-432e-900c-ffc200ce2f0d,WVZ/032/00021,00021,t4uqp9vWOP3aDF4K4QKYWA==,WmqLLFCCRbPBM9THHN+FNA==,5Hlt49B9uYh/Ymy7KkXcsw==,Female
eeb21044-cc4b-473f-b245-afd983c735bd,WVZ/032/00095,00095,ObZeTIKJR/49QVwKBeaiUQ==,WmqLLFCCRbPBM9THHN+FNA==,twbw9o9+9kbh8caatpttpQ==,Female
ef0b14aa-11fe-4cb6-bbf8-a27ee280a3de,WVZ/032/00124,00124,Ew+E7kODxG3TM+UdnorGJQ==,WmqLLFCCRbPBM9THHN+FNA==,xGTDrfYvn020NtQ7Q8DqcQ==,Female
f054eefd-67c4-4f4c-91ac-53459584b3a1,WVZ/032/00246,00246,vPTk11s/zj45rcv2BO29kw==,WmqLLFCCRbPBM9THHN+FNA==,ihZO7//JgDGyeTSfjZB8Vg==,Not Specified
f0df18ef-b134-40e0-9e4d-9e149dd4e7f8,WVZ/032/00204,00204,UIrV1Wyj9GyJl3lFE0JCjw==,WmqLLFCCRbPBM9THHN+FNA==,WB9bo3P7ChbK4qi7SV74gA==,Female
f1651154-f6ce-4959-8b67-1211b38c30b8,WVZ/032/00042,00042,O6PBUha8QNYClI+5TspAkA==,WmqLLFCCRbPBM9THHN+FNA==,zTkV8eYlnvB2BC9LoeQprA==,Female
f2929f5a-0de6-4377-94b1-186c558e6f2e,WVZ/032/00166,00166,kqha27Lf9y83HsfrsoZogg==,WmqLLFCCRbPBM9THHN+FNA==,JgaV2UEuZbxJMhH0pt0XnQ==,Female
f3c33c50-fea9-448a-8e80-3a4c53e2e5e4,WVZ/032/00306,00306,ZJ60eUwghzFbm563RGbHXg==,,4pzywT1G1+lu07vlsA/8qw==,Male
f3e0d3db-8622-499c-bc1f-708cbb5348e9,WVZ/032/00128,00128,7kuTSTP6kStww2ijA1ZxPA==,WmqLLFCCRbPBM9THHN+FNA==,sgGnyYsFp7rlj+VzWd8Dpg==,Female
f4223217-239d-450e-a69c-17ff58ad81f7,WVZ/032/00285,00285,l84t4MGHygX8riTfXR5Jaw==,WmqLLFCCRbPBM9THHN+FNA==,9tUmK6xM5+QwE9EHJy3C4g==,Female
f5c514a2-33d1-47c6-abaf-48ccf6178cc2,WVZ/032/00274,00274,BKWYQCj+YHRxE2I4iTN1pQ==,WmqLLFCCRbPBM9THHN+FNA==,/3m8s1Eis1nEuH2C9Whbdw==,Female
f6dbf448-8d54-4427-918c-77098a70839d,WVZ/032/00268,00268,KxbooADsgptKrZbUUX77XQ==,WmqLLFCCRbPBM9THHN+FNA==,Syi5mV7cBGajd5lFmv2/dw==,Female
f77819f6-cc6a-4afc-80c1-a45dc8c585f8,WVZ/032/00259,00259,JT5l0205leOCJt+0E/KWDQ==,WmqLLFCCRbPBM9THHN+FNA==,f4roXLHtzz/hVKqQOte+Zg==,Female
f89420b5-6f0a-4b30-8c27-f9e8fe5892ff,WVZ/032/00085,00085,+jAi+hWNsRvtUpZExuOSIg==,WmqLLFCCRbPBM9THHN+FNA==,ss+1MDN19aVWp+pLMizw4Q==,Not Specified
f923082f-d019-4bd0-b613-93e04c9c875b,WVZ/032/00074,00074,TQwtKysv3AUmBKZD+JeAlQ==,WmqLLFCCRbPBM9THHN+FNA==,ySKkTFYFt370IxamVDEm1w==,Not Specified
f9701300-3987-4330-bbc2-8748e1d6a6c4,WVZ/032/00327,00327,QVnPtO6dw3KxlRB2Fw390w==,,Q8EkJa9SvpPEcGcj0sDdaw==,Female
f9b3f48d-b1e4-461b-a6b8-86c3d5197a7f,WVZ/032/00001,00001,Egr4d7PPBN+/0ERAdYSmmQ==,WmqLLFCCRbPBM9THHN+FNA==,NySnKnzLHHDbsewFAMQqNA==,Female
fb8c192a-3ae5-4ea3-8e8a-757a3723ec67,WVZ/032/00275,00275,eOz1LwPm4LxdcyzMSbEBSA==,WmqLLFCCRbPBM9THHN+FNA==,Nky8Ql5mrVj+ToFM1kSkUg==,Not Specified
fca18d1e-147c-480d-9a79-ff98b04f2f4d,WVZ/032/00022,00022,NFYBlsrYqNJC/opzNGlMYw==,WmqLLFCCRbPBM9THHN+FNA==,WmpTvsKyAxJI9d4Tdfa/pg==,Female
fe291f28-95d4-4a5c-94d5-6d7eb64899f5,WVZ/032/00187,00187,nTH/rRw4g1HkESle9beg/g==,WmqLLFCCRbPBM9THHN+FNA==,jtUouQSNzo9qow5tvURLGw==,Female
fee28cc3-eb5a-4a87-a914-90e01bf5fe67,WVZ/032/00015,00015,EHJLSnYrir0VEfOnvtLoGg==,WmqLLFCCRbPBM9THHN+FNA==,g4F64pP6xGy1aFnXGp+n9A==,Female
fff494c3-3911-45f9-be66-e5f5c9f5d17f,WVZ/032/00033,00033,o6rXpMNktbL10s4bC3Xvrw==,WmqLLFCCRbPBM9THHN+FNA==,S9sQ34GLlHI38PGz/S7Vfg==,Female